{"backend_name": "ibmq_belem", "backend_version": "1.0.52", "qobj_id": "e4ae2565-2d88-45a9-86cb-6b227b1a0f56", "job_id": "63811d94754e460ddc4d29a3", "date": "2022-11-25T19:56:23Z", "success": true, "status": "Successful completion", "execution_id": "3acad87a-6cfb-11ed-a4c7-b02628f7f59e", "time_taken": 3.6227471828460693, "header": {"backend_name": "ibmq_belem", "backend_version": "1.0.52"}, "results": [{"shots": 1024, "success": true, "status": "done", "seed": null, "meas_level": 2, "meas_return": null, "header": {"qubit_labels": [["q", 0], ["q", 1], ["q", 2], ["q", 3], ["q", 4]], "n_qubits": 5, "qreg_sizes": [["q", 5]], "clbit_labels": [["c", 0], ["c", 1], ["c", 2], ["c", 3], ["c", 4]], "memory_slots": 5, "creg_sizes": [["c", 5]], "name": "circuit-3720", "global_phase": 1.7763568394002505e-15, "metadata": {}}, "data": {"counts": {"0x0": 11, "0x10": 3, "0x12": 31, "0x14": 2, "0x15": 3, "0x16": 3, "0x18": 80, "0x19": 4, "0x1a": 462, "0x1b": 30, "0x1c": 18, "0x1d": 31, "0x1e": 46, "0x1f": 23, "0x2": 79, "0x3": 6, "0x4": 3, "0x5": 7, "0x6": 9, "0x7": 6, "0x8": 19, "0xa": 109, "0xb": 12, "0xc": 4, "0xd": 7, "0xe": 12, "0xf": 4}, "snapshots": null, "memory": null, "statevector": null, "unitary": null}}], "error": null}