{"qobj_id":"e4ae2565-2d88-45a9-86cb-6b227b1a0f56","header":{"backend_name":"ibmq_belem","backend_version":"1.0.52"},"config":{"shots":1024,"memory":false,"parameter_binds":[],"meas_level":2,"init_qubits":true,"memory_slots":5,"n_qubits":5},"schema_version":"1.3.0","type":"QASM","experiments":[{"config":{"n_qubits":5,"memory_slots":5},"header":{"qubit_labels":[["q",0],["q",1],["q",2],["q",3],["q",4]],"n_qubits":5,"qreg_sizes":[["q",5]],"clbit_labels":[["c",0],["c",1],["c",2],["c",3],["c",4]],"memory_slots":5,"creg_sizes":[["c",5]],"name":"circuit-3720","global_phase":1.7763568394002505e-15,"metadata":{}},"instructions":[{"name":"rz","params":[-2.8566685269677317],"qubits":[0]},{"name":"sx","qubits":[0]},{"name":"rz","params":[-0.548028407620313],"qubits":[0]},{"name":"sx","qubits":[0]},{"name":"rz","params":[2.85666852696773],"qubits":[0]},{"name":"rz","params":[-2.299065763196584],"qubits":[1]},{"name":"sx","qubits":[1]},{"name":"rz","params":[-0.3850578759034775],"qubits":[1]},{"name":"sx","qubits":[1]},{"name":"rz","params":[2.2990657631965794],"qubits":[1]},{"name":"rz","params":[-1.0408935370459682],"qubits":[2]},{"name":"sx","qubits":[2]},{"name":"rz","params":[-0.5879007626540194],"qubits":[2]},{"name":"sx","qubits":[2]},{"name":"rz","params":[-1.0408935370459673],"qubits":[2]},{"name":"cx","qubits":[1,2]},{"name":"cx","qubits":[1,0]},{"name":"rz","params":[-2.299065763196584],"qubits":[1]},{"name":"sx","qubits":[1]},{"name":"rz","params":[-0.3850578759034775],"qubits":[1]},{"name":"sx","qubits":[1]},{"name":"rz","params":[2.2990657631965794],"qubits":[1]},{"name":"rz","params":[2.8566685269677308],"qubits":[2]},{"name":"sx","qubits":[2]},{"name":"rz","params":[-0.548028407620313],"qubits":[2]},{"name":"sx","qubits":[2]},{"name":"rz","params":[-2.0712703635702834],"qubits":[2]},{"name":"rz","params":[1.1595361890526306],"qubits":[3]},{"name":"sx","qubits":[3]},{"name":"rz","params":[-0.6756028564802499],"qubits":[3]},{"name":"sx","qubits":[3]},{"name":"rz","params":[0.7510970471963914],"qubits":[3]},{"name":"cx","qubits":[3,4]},{"name":"measure","qubits":[1],"memory":[0]},{"name":"measure","qubits":[2],"memory":[1]},{"name":"measure","qubits":[0],"memory":[2]},{"name":"measure","qubits":[3],"memory":[3]},{"name":"measure","qubits":[4],"memory":[4]}]}]}